{"ContentRoots":["C:\\Users\\lowca\\source\\repos\\MyApp1\\BlazorWinForms1\\BlazorWinForms1\\wwwroot\\","C:\\Users\\lowca\\.nuget\\packages\\mudblazor\\6.0.7\\staticwebassets\\"],"Root":{"Children":{"css":{"Children":{"app.css":{"Children":null,"Asset":{"ContentRootIndex":0,"SubPath":"css/app.css"},"Patterns":null},"bootstrap":{"Children":{"bootstrap.min.css":{"Children":null,"Asset":{"ContentRootIndex":0,"SubPath":"css/bootstrap/bootstrap.min.css"},"Patterns":null},"bootstrap.min.css.map":{"Children":null,"Asset":{"ContentRootIndex":0,"SubPath":"css/bootstrap/bootstrap.min.css.map"},"Patterns":null}},"Asset":null,"Patterns":null}},"Asset":null,"Patterns":null},"index.html":{"Children":null,"Asset":{"ContentRootIndex":0,"SubPath":"index.html"},"Patterns":null},"_content":{"Children":{"MudBlazor":{"Children":{"MudBlazor.min.css":{"Children":null,"Asset":{"ContentRootIndex":1,"SubPath":"MudBlazor.min.css"},"Patterns":null},"MudBlazor.min.js":{"Children":null,"Asset":{"ContentRootIndex":1,"SubPath":"MudBlazor.min.js"},"Patterns":null}},"Asset":null,"Patterns":null}},"Asset":null,"Patterns":null}},"Asset":null,"Patterns":[{"ContentRootIndex":0,"Pattern":"**","Depth":0}]}}